{
  "templates": {
    "P1_DEFAULT": [
      [
        227.328,
        254.7712
      ],
      [
        247.3984,
        268.288
      ],
      [
        259.2768,
        289.5872
      ],
      [
        263.3728,
        313.344
      ],
      [
        259.6864,
        333.4144
      ],
      [
        241.664,
        354.7136
      ],
      [
        223.6416,
        362.0864
      ],
      [
        202.752,
        363.3152
      ],
      [
        182.272,
        356.352
      ],
      [
        167.936,
        343.2448
      ],
      [
        157.696,
        326.8608
      ],
      [
        151.9616,
        309.6576
      ],
      [
        151.9616,
        288.3584
      ],
      [
        163.84,
        271.5648
      ],
      [
        182.272,
        258.048
      ],
      [
        203.1616,
        251.904
      ]
    ],
    "P2_DEFAULT": [
      [
        208.40448,
        267.0592
      ],
      [
        227.08224,
        282.13248
      ],
      [
        236.25728,
        303.104
      ],
      [
        238.55104,
        323.74784
      ],
      [
        237.24032,
        345.7024
      ],
      [
        221.51168,
        358.8096
      ],
      [
        204.47232,
        375.52128
      ],
      [
        181.53472,
        377.81504
      ],
      [
        161.54624,
        371.26144
      ],
      [
        146.14528,
        357.82656
      ],
      [
        136.97024,
        343.08096
      ],
      [
        128.45056,
        320.79872
      ],
      [
        131.072,
        296.87808
      ],
      [
        142.21312,
        277.87264
      ],
      [
        161.54624,
        267.71456
      ],
      [
        182.84544,
        262.47168
      ]
    ],
    "P3_DEFAULT": [
      [
        210.5344,
        191.6928
      ],
      [
        227.7376,
        201.5232
      ],
      [
        238.7968,
        219.9552
      ],
      [
        244.5312,
        241.664
      ],
      [
        242.4832,
        261.3248
      ],
      [
        229.7856,
        282.2144
      ],
      [
        211.7632,
        289.9968
      ],
      [
        192.1024,
        293.2736
      ],
      [
        175.3088,
        287.5392
      ],
      [
        160.9728,
        275.6608
      ],
      [
        149.504,
        260.5056
      ],
      [
        143.36,
        243.712
      ],
      [
        145.8176,
        224.4608
      ],
      [
        155.2384,
        208.4864
      ],
      [
        172.4416,
        197.0176
      ],
      [
        190.0544,
        189.6448
      ]
    ]
  },
  "default_bank": [
    "P1_DEFAULT",
    "P2_DEFAULT",
    "P3_DEFAULT"
  ],
  "sources": {
    "P1_DEFAULT": "000000339803.png",
    "P2_DEFAULT": "000000355264.png",
    "P3_DEFAULT": "000000008237.png"
  }
}